id	title	description	link	image_link	brand	condition	availability	price	short_description	product_type	google_product_category	gender
673	Blusa Manga Princess Malha Laise	Blusa manga princess malha laise decote V  - Decote V- Malha Laise- Manga estilo princesa	https://www.camellia.com.br/blusa-manga-princess-malha-laise	https://www.camellia.com.br/media/catalog/product/b/l/blusa-manga-princess-malha-laise-2.jpg	Camellia	new	in stock	159,80 BRL	Blusa manga princess malha laise decote V  - Decote V- Malha Laise- Manga estilo princesa	Todas as categorias > Para Elas > Camisas | Todas as categorias > Novidades > T-shirts | Todas as categorias > Para Elas > Camisas > Camisetas/T-shirts | Todas as categorias > Marcas | Todas as categorias > Marcas > D'Laport		
677	Camiseta Linho IT	Camiseta em linho decote V  - Decote em V- Linho	https://www.camellia.com.br/camiseta-linho-it-677	https://www.camellia.com.br/media/catalog/product/c/a/camiseta-linho-it.jpg	Camellia	new	in stock	199,80 BRL	Camiseta em linho decote V  - Decote em V- Linho	Todas as categorias > Para Elas > Camisas | Todas as categorias > Para Elas > Blusas | Todas as categorias > Para Elas > Camisas > Camisetas/T-shirts | Todas as categorias > Marcas | Todas as categorias > Marcas > D'Laport		
680	Blusa com Zíper Decote	Blusa bicolor com decote V, zíper frontal e manga curta.    -  Bicolor  -  Decote V  -  Zíper frontal	https://www.camellia.com.br/blusa-com-ziper-decote	https://www.camellia.com.br/media/catalog/product/b/l/blusa-com-ziper-decote.jpg	Camellia	new	in stock	188,79 BRL	Blusa bicolor com decote V, zíper frontal e manga curta.    -  Bicolor  -  Decote V  -  Zíper frontal	Todas as categorias > Para Elas | Todas as categorias > Para Elas > Blusas | Todas as categorias > Para Elas > Camisas > Camisetas/T-shirts | Todas as categorias > Marcas | Todas as categorias > Marcas > D'Laport		
683	Short Linho IT	Shorts clochard em linho c/ cinto amarração, fivela em acrílico e bolsos laterais.    - Cinto  amarração  - Fivela em acrílico  - Bolsos laterais	https://www.camellia.com.br/short-linho-it	https://www.camellia.com.br/media/catalog/product/s/h/short-linho-it.jpg	Camellia	new	in stock	259,80 BRL	Shorts clochard em linho c/ cinto amarração, fivela em acrílico e bolsos laterais.    - Cinto  amarração  - Fivela em acrílico  - Bolsos laterais	Todas as categorias > Marcas | Todas as categorias > Marcas > D'Laport | Todas as categorias > Para Elas > Shorts		
686	Calça Pantacourt Slim Elástico	Calça pantacourt em malha com cós em elástico bordado e bolsos laterais.    - Pantacourt em malha  - Cós em elástico bordado  - Bolsos laterais	https://www.camellia.com.br/calca-pantacourt-slim-elastico	https://www.camellia.com.br/media/catalog/product/c/a/calca-pantacourt-slim-elastico.jpg	Camellia	new	in stock	259,80 BRL	Calça pantacourt em malha com cós em elástico bordado e bolsos laterais.    - Pantacourt em malha  - Cós em elástico bordado  - Bolsos laterais	Todas as categorias > Calças | Todas as categorias > Marcas | Todas as categorias > Marcas > D'Laport | Todas as categorias > Calças > Pantacourt		
689	Calça Jogger Bicolor	Calça jogging bicolor, cós com elástico embutido e cordão, bolsos laterais.    - Bicolor  - Cós com elástico  - Bolsos laterais	https://www.camellia.com.br/calca-jogger-bicolor	https://www.camellia.com.br/media/catalog/product/c/a/calca-jogger-bicolor.jpg	Camellia	new	in stock	263,78 BRL	Calça jogging bicolor, cós com elástico embutido e cordão, bolsos laterais.    - Bicolor  - Cós com elástico  - Bolsos laterais	Todas as categorias > Calças | Todas as categorias > Marcas | Todas as categorias > Marcas > D'Laport		
692	Macacão Pantacourt Slim Elástico	Macacão pantacourt em malha, com detalhe bordado no cós, decote U, manga curta, pequena fenda lateral e bolsos laterais. Fechamento com mini botão atrás. - Pantacourt em malha - Decote U - Bolsos laterais	https://www.camellia.com.br/macacao-pantacourt-slim-elastico	https://www.camellia.com.br/media/catalog/product/m/a/macacao-pantacourt-slim-elastico.jpg	Camellia	new	in stock	299,80 BRL	Macacão pantacourt em malha, com detalhe bordado no cós, decote U, manga curta, pequena fenda lateral e bolsos laterais. Fechamento com mini botão atrás. - Pantacourt em malha - Decote U - Bolsos laterais	Todas as categorias > Para Elas | Todas as categorias > Para Elas > Macacão | Todas as categorias > Marcas | Todas as categorias > Marcas > D'Laport		
698	Macacão Degage Malha Laise	Macacão pantacourt em malha laise, decote ombro a ombro com cós, manga 3/4 princess e bolsos laterais. Possui forro.  - Malha laise- Manga 3/4 princess- Possui forro	https://www.camellia.com.br/macacao-degage-malha-laise	https://www.camellia.com.br/media/catalog/product/m/a/macacao-degage-malha-laise.jpg	Camellia	new	in stock	419,80 BRL	Macacão pantacourt em malha laise, decote ombro a ombro com cós, manga 3/4 princess e bolsos laterais. Possui forro.  - Malha laise- Manga 3/4 princess- Possui forro	Todas as categorias > Para Elas > Macacão | Todas as categorias > Marcas | Todas as categorias > Marcas > D'Laport		
700	Macacão Manga Japa	Macacão comprido, manga japa com fenda, decote em V, abotoamento atrás (mini botão), bolsos laterais, acompanha cinto em corda e madeira. Possui uma bermuda cor bege em poliéster e elastano com elástico no cós, justa, para usar por baixo.  - Manga japa com fenda- Decote em V- Acompanha cinto em corda e madeira	https://www.camellia.com.br/macacao-manga-japa	https://www.camellia.com.br/media/catalog/product/m/a/macacao-manga-japa.jpg	Camellia	new	in stock	439,80 BRL	Macacão comprido, manga japa com fenda, decote em V, abotoamento atrás (mini botão), bolsos laterais, acompanha cinto em corda e madeira. Possui uma bermuda cor bege em poliéster e elastano com elástico no cós, justa, para usar por baixo.  - Manga japa com fenda- Decote em V- Acompanha cinto em corda e madeira	Todas as categorias > Para Elas > Macacão | Todas as categorias > Marcas | Todas as categorias > Marcas > D'Laport		
703	Macacão Manga Japa Azul	Macacão comprido, manga japa com fenda, decote em V, abotoamento atrás (mini botão), bolsos laterais, acompanha cinto em corda e madeira. Possui uma bermuda em poliéster e elastano com elástico no cós, justa, para usar por baixo.  - Manga japa com fenda- Decote em V- Acompanha cinto em corda e madeira	https://www.camellia.com.br/macacao-manga-japa-azul	https://www.camellia.com.br/media/catalog/product/m/a/macacao-manga-japa-azul.jpg	Camellia	new	in stock	439,80 BRL	Macacão comprido, manga japa com fenda, decote em V, abotoamento atrás (mini botão), bolsos laterais, acompanha cinto em corda e madeira. Possui uma bermuda em poliéster e elastano com elástico no cós, justa, para usar por baixo.  - Manga japa com fenda- Decote em V- Acompanha cinto em corda e madeira	Todas as categorias > Para Elas > Macacão | Todas as categorias > Marcas | Todas as categorias > Marcas > D'Laport		
706	Vestido Crepe Bicolor	Vestido midi em crepe bicolor, decote V, manga curta. Não possui forro.  - Vestido midi- Decote V- Manga curta	https://www.camellia.com.br/vestido-crepe-bicolor	https://www.camellia.com.br/media/catalog/product/v/e/vestido-crepe-bicolor_1.jpg	Camellia	new	in stock	321,77 BRL	Vestido midi em crepe bicolor, decote V, manga curta. Não possui forro.  - Vestido midi- Decote V- Manga curta	Todas as categorias > Novidades > Vestidos | Todas as categorias > Vestidos | Todas as categorias > Vestidos > Midi/Médio | Todas as categorias > Marcas | Todas as categorias > Marcas > D'Laport		
714	Vestido Basic Laise Preto	Vestido curto em laise, decote U, manga 3/4 e faixa amarração no mesmo tecido. Fechamento com zíper atrás. Possui forro.  - Decote U- Manga 3/4- Fechamento com zíper atrás	https://www.camellia.com.br/vestido-basic-laise-preto	https://www.camellia.com.br/media/catalog/product/v/e/vestido-basic-laise-preto.jpg	Camellia	new	in stock	449,82 BRL	Vestido curto em laise, decote U, manga 3/4 e faixa amarração no mesmo tecido. Fechamento com zíper atrás. Possui forro.  - Decote U- Manga 3/4- Fechamento com zíper atrás	Todas as categorias > Vestidos | Todas as categorias > Vestidos > Curtos | Todas as categorias > Marcas | Todas as categorias > Marcas > D'Laport		
717	Vestido Basic Laise Off White	Vestido curto em laise, decote U, manga 3/4 e faixa amarração no mesmo tecido. Fechamento com zíper atrás. Possui forro.  - Decote U- Manga 3/4- Fechamento com zíper atrás	https://www.camellia.com.br/vestido-basic-laise-off-white	https://www.camellia.com.br/media/catalog/product/v/e/vestido-basic-laise-off-white.jpg	Camellia	new	in stock	449,82 BRL	Vestido curto em laise, decote U, manga 3/4 e faixa amarração no mesmo tecido. Fechamento com zíper atrás. Possui forro.  - Decote U- Manga 3/4- Fechamento com zíper atrás	Todas as categorias > Vestidos | Todas as categorias > Vestidos > Curtos | Todas as categorias > Marcas | Todas as categorias > Marcas > D'Laport		
720	Vestido Chanel Canelado Tarsila	Vestido midi em malha canelada, manga 3/4, decote V. Não possui forro.  - Malha canelada- Manga 3/4- Decote V	https://www.camellia.com.br/vestido-chanel-canelado-tarsila	https://www.camellia.com.br/media/catalog/product/v/e/vestido-chanel-canelado-tarsila.jpg	Camellia	new	in stock	259,80 BRL	Vestido midi em malha canelada, manga 3/4, decote V. Não possui forro.  - Malha canelada- Manga 3/4- Decote V	Todas as categorias > Vestidos | Todas as categorias > Vestidos > Midi/Médio | Todas as categorias > Marcas | Todas as categorias > Marcas > D'Laport		
723	Vestido T-shirt Viscose	Vestido midi viscose com manga 3/4 japa com fenda, decote V e bolsos laterais. Não possui forro.  - Manga 3/4 japa- Decote V- Bolsos laterais	https://www.camellia.com.br/vestido-t-shirt-viscose	https://www.camellia.com.br/media/catalog/product/v/e/vestido-t-shirt-viscose.jpg	Camellia	new	in stock	377,79 BRL	Vestido midi viscose com manga 3/4 japa com fenda, decote V e bolsos laterais. Não possui forro.  - Manga 3/4 japa- Decote V- Bolsos laterais	Todas as categorias > Vestidos | Todas as categorias > Vestidos > Midi/Médio | Todas as categorias > Marcas | Todas as categorias > Marcas > D'Laport		
726	Vestido Evaze Lotus Liso	Vestido midi, gola com decote V, manga 3/4 com amarração e nó. Possui bolsos laterais. Parte traseira um pouco maior que a frente. Não possui forro.  - Gola com decote V- Manga 3/4 com amarração e nó- Bolsos laterais	https://www.camellia.com.br/vestido-evaze-lotus-liso	https://www.camellia.com.br/media/catalog/product/v/e/vestido-evaze-lotus-liso.jpg	Camellia	new	in stock	356,79 BRL	Vestido midi, gola com decote V, manga 3/4 com amarração e nó. Possui bolsos laterais. Parte traseira um pouco maior que a frente. Não possui forro.  - Gola com decote V- Manga 3/4 com amarração e nó- Bolsos laterais	Todas as categorias > Vestidos | Todas as categorias > Vestidos > Midi/Médio | Todas as categorias > Marcas | Todas as categorias > Marcas > D'Laport		
730	Chemise Xadrez com Cinto	Chemise midi xadrez, gola com decote V, sem manga. Acompanha cinto do mesmo tecido com fivela redonda em acrílico. Botões fechamento frontal e bolsos laterais.  - Chemise midi xadrez- gola com decote V- Acompanha cinto	https://www.camellia.com.br/chemise-xadrez-com-cinto	https://www.camellia.com.br/media/catalog/product/c/h/chemise-xadrez-com-cinto.jpg	Camellia	new	in stock	390,83 BRL	Chemise midi xadrez, gola com decote V, sem manga. Acompanha cinto do mesmo tecido com fivela redonda em acrílico. Botões fechamento frontal e bolsos laterais.  - Chemise midi xadrez- gola com decote V- Acompanha cinto	Todas as categorias > Vestidos | Todas as categorias > Vestidos > Chemise | Todas as categorias > Marcas | Todas as categorias > Marcas > D'Laport		
734	Blusa Renda Bolonha	Blusa com detalhe em renda frontal, mangas e costas. Mangas 3/4 e decote em U.  - Detalhe em renda- Mangas 3/4- Decote em U	https://www.camellia.com.br/blusa-renda-bolonha	https://www.camellia.com.br/media/catalog/product/b/l/blusa-renda-bolonha.jpg	Camellia	new	in stock	222,11 BRL	Blusa com detalhe em renda frontal, mangas e costas. Mangas 3/4 e decote em U.  - Detalhe em renda- Mangas 3/4- Decote em U	Todas as categorias > Para Elas > Blusas | Todas as categorias > Marcas | Todas as categorias > Marcas > Alfazema		
738	Blusa Faixa Decote Prega MG Crepe	Blusa em crepe leve e fluido, manga longa com detalhes e elástico nos punhos. Decote V com faixa amarração.  - Manga longa com detalhes- Decote V- Crepe leve e fluido	https://www.camellia.com.br/blusa-faixa-decote-prega-mg-crepe	https://www.camellia.com.br/media/catalog/product/b/l/blusa-faixa-decote-prega-mg-crepe.jpg	Camellia	new	in stock	233,51 BRL	Blusa em crepe leve e fluido, manga longa com detalhes e elástico nos punhos. Decote V com faixa amarração.  - Manga longa com detalhes- Decote V- Crepe leve e fluido	Todas as categorias > Marcas | Todas as categorias > Marcas > Alfazema		
741	Blusa Renda Ombro a Ombro	Blusa floral, tecido leve, com decote ombro a ombro em renda com elástico, manga curta.  - Floral- Decote ombro a ombro- Manga curta	https://www.camellia.com.br/blusa-renda-ombro-a-ombro	https://www.camellia.com.br/media/catalog/product/b/l/blusa-renda-ombro-a-ombro.jpg	Camellia	new	in stock	208,81 BRL	Blusa floral, tecido leve, com decote ombro a ombro em renda com elástico, manga curta.  - Floral- Decote ombro a ombro- Manga curta	Todas as categorias > Para Elas | Todas as categorias > Para Elas > Blusas | Todas as categorias > Marcas | Todas as categorias > Marcas > Alfazema		
744	Blusa Saara	Blusa em tecido leve, fechamento botões frontal, amarração com nó frontal, decote V e manga 3/4.  - Marração com nó frontal- Decote V- Manga 3/4	https://www.camellia.com.br/blusa-saara	https://www.camellia.com.br/media/catalog/product/b/l/blusa-saara.jpg	Camellia	new	in stock	237,50 BRL	Blusa em tecido leve, fechamento botões frontal, amarração com nó frontal, decote V e manga 3/4.  - Marração com nó frontal- Decote V- Manga 3/4	Todas as categorias > Para Elas > Blusas | Todas as categorias > Marcas | Todas as categorias > Marcas > Alfazema		
747	Blusa Nó e Botõezinhos Ragla	Blusa em tecido leve, fechamento botões frontal, amarração com nó frontal, decote V e manga curta.  - Tecido leve- Amarração com nó- Manga curta	https://www.camellia.com.br/blusa-no-e-botoezinhos-ragla	https://www.camellia.com.br/media/catalog/product/b/l/blusa-no-e-botoezinhos-ragla.jpg	Camellia	new	in stock	237,50 BRL	Blusa em tecido leve, fechamento botões frontal, amarração com nó frontal, decote V e manga curta.  - Tecido leve- Amarração com nó- Manga curta	Todas as categorias > Para Elas | Todas as categorias > Para Elas > Blusas | Todas as categorias > Marcas | Todas as categorias > Marcas > Alfazema		
750	Blusa Ilhoses Ombro	Blusa listrada em tecido leve, decote V, manga 3/4 com amarração e nó frontal.  - Decote V - Manga 3/4- Nó frontal	https://www.camellia.com.br/blusa-ilhoses-ombro	https://www.camellia.com.br/media/catalog/product/b/l/blusa-ilhoses-ombro.jpg	Camellia	new	in stock	264,10 BRL	Blusa listrada em tecido leve, decote V, manga 3/4 com amarração e nó frontal.  - Decote V - Manga 3/4- Nó frontal	Todas as categorias > Para Elas > Blusas | Todas as categorias > Marcas | Todas as categorias > Marcas > Alfazema		
753	Blusa MG Godê Crepe Bolas	Blusa poá em crepe, manga 3/4 godê e gola V.  - Poá em crepe- Manga 3/4 godê- Gola V	https://www.camellia.com.br/blusa-mg-gode-crepe-bolas	https://www.camellia.com.br/media/catalog/product/b/l/blusa-mg-gode-crepe-bolas.jpg	Camellia	new	in stock	208,81 BRL	Blusa poá em crepe, manga 3/4 godê e gola V.  - Poá em crepe- Manga 3/4 godê- Gola V	Todas as categorias > Para Elas | Todas as categorias > Para Elas > Blusas | Todas as categorias > Marcas | Todas as categorias > Marcas > Alfazema		
756	Blusa Composé Listra e Bola Crepe	Blusa composê listra e poá em crepe, manga curta, decote redondo.  - Listra e poá em crepe- Manga curta- Decote redondo	https://www.camellia.com.br/blusa-compose-listra-e-bola-crepe	https://www.camellia.com.br/media/catalog/product/b/l/blusa-compose-listra-e-bola-crepe-2.jpg	Camellia	new	in stock	224,01 BRL	Blusa composê listra e poá em crepe, manga curta, decote redondo.  - Listra e poá em crepe- Manga curta- Decote redondo	Todas as categorias > Para Elas | Todas as categorias > Para Elas > Blusas | Todas as categorias > Marcas | Todas as categorias > Marcas > Alfazema		
759	Bermuda Cós Ilhós e Laço Zurik Span	Bermuda c/cós ilhós e amarração frontal, bolsos laterais, sem forro. Tecido encorpado.  - Cós ilhós- Amarração frontal- Bolsos laterais	https://www.camellia.com.br/bermuda-cos-ilhos-e-laco-zurik-span	https://www.camellia.com.br/media/catalog/product/b/e/bermuda-cos-ilhos-e-laco-zurik-span.jpg	Camellia	new	in stock	303,81 BRL	Bermuda c/cós ilhós e amarração frontal, bolsos laterais, sem forro. Tecido encorpado.  - Cós ilhós- Amarração frontal- Bolsos laterais	Todas as categorias > Para Elas | Todas as categorias > Marcas | Todas as categorias > Marcas > Alfazema | Todas as categorias > Para Elas > Bermuda		
762	Calça Flare Fenda FT. Pespontada	Calça flare cintura alta com fenda frontal, tecido pespontado e encorpado, sem bolsos. Fechamento com zíper invisível lateral.  - Cintura alta com fenda frontal- Tecido pespontado e encorpado- Zíper invisível lateral	https://www.camellia.com.br/calca-flare-fenda-ft-pespontada	https://www.camellia.com.br/media/catalog/product/c/a/calca-flare-fenda-ft-pespontada.jpg	Camellia	new	in stock	360,81 BRL	Calça flare cintura alta com fenda frontal, tecido pespontado e encorpado, sem bolsos. Fechamento com zíper invisível lateral.  - Cintura alta com fenda frontal- Tecido pespontado e encorpado- Zíper invisível lateral	Todas as categorias > Calças | Todas as categorias > Calças > Flare | Todas as categorias > Marcas | Todas as categorias > Marcas > Alfazema		
765	Calça Pantacourt cós Pregas Linho	Calça pantacourt em linho, cós com pregas, zíper invisível lateral, sem bolsos e com forro.  - Pantacourt em linho- Cós com pregas- Zíper invisível	https://www.camellia.com.br/calca-pantacourt-cos-pregas-linho	https://www.camellia.com.br/media/catalog/product/c/a/calca-pantacourt-cos-pregas-linho.jpg	Camellia	new	in stock	322,81 BRL	Calça pantacourt em linho, cós com pregas, zíper invisível lateral, sem bolsos e com forro.  - Pantacourt em linho- Cós com pregas- Zíper invisível	Todas as categorias > Calças | Todas as categorias > Marcas | Todas as categorias > Marcas > Alfazema | Todas as categorias > Calças > Pantacourt		
767	Conjunto Blusa e Saia Composé	Conjunto saia e blusa em tecido leve, listrado. Blusa com decote V, fechamento frontal com botões e amarração. Saia midi com barra de babado e zíper invisível traseiro.  - Tecido leve e listrado- Decote V- Zíper invisível	https://www.camellia.com.br/conjunto-blusa-e-saia-compose	https://www.camellia.com.br/media/catalog/product/c/o/conjunto-blusa-e-saia-compose.jpg	Camellia	new	in stock	512,81 BRL	Conjunto saia e blusa em tecido leve, listrado. Blusa com decote V, fechamento frontal com botões e amarração. Saia midi com barra de babado e zíper invisível traseiro.  - Tecido leve e listrado- Decote V- Zíper invisível	Todas as categorias > Para Elas | Todas as categorias > Marcas | Todas as categorias > Marcas > Alfazema | Todas as categorias > Para Elas > Conjuntos		
770	Conjunto Blusa Elástico e Calça Balneário	Conjunto saia e blusa estampado floral, tecido leve. Blusa decote com elástico ombro a ombro e manga 3/4. Calça com cós em elástico, sem forro e sem bolsos.  - Estampado floral- Elástico ombro a ombro- Calça com cós em elástico	https://www.camellia.com.br/conjunto-blusa-elastico-e-calca-balneario	https://www.camellia.com.br/media/catalog/product/c/o/conjunto-blusa-elastico-e-calca-balneario.jpg	Camellia	new	in stock	469,11 BRL	Conjunto saia e blusa estampado floral, tecido leve. Blusa decote com elástico ombro a ombro e manga 3/4. Calça com cós em elástico, sem forro e sem bolsos.  - Estampado floral- Elástico ombro a ombro- Calça com cós em elástico	Todas as categorias > Para Elas | Todas as categorias > Marcas | Todas as categorias > Marcas > Alfazema | Todas as categorias > Para Elas > Conjuntos		
773	Conjunto Blusa Bolso Zíper Calça	Conjunto calça e blusa, tecido leve, estampado animal print. Blusa decote V, manga curta, bolso frontal com zíper. Calça com cós em elástico, bolso lateral com zíper. Não possui forro.  - Blusa decote V- Estampado animal print- Calça com cós em elástico	https://www.camellia.com.br/conjunto-blusa-bolso-ziper-calca	https://www.camellia.com.br/media/catalog/product/c/o/conjunto-blusa-bolso-ziper-calca.jpg	Camellia	new	in stock	550,81 BRL	Conjunto calça e blusa, tecido leve, estampado animal print. Blusa decote V, manga curta, bolso frontal com zíper. Calça com cós em elástico, bolso lateral com zíper. Não possui forro.  - Blusa decote V- Estampado animal print- Calça com cós em elástico	Todas as categorias > Para Elas | Todas as categorias > Marcas | Todas as categorias > Marcas > Alfazema | Todas as categorias > Para Elas > Conjuntos		
776	Camisa MG Tricot Apollo	Camisa tecido leve, com gola, manga longa sino com detalhe em tricot. Fechamento frontal com botões.  - Com gola- Manga longa sino com detalhe em tricot- Fechamento frontal	https://www.camellia.com.br/camisa-mg-tricot-apollo	https://www.camellia.com.br/media/catalog/product/c/a/camisa-mg-tricot-apollo.jpg	Camellia	new	in stock	265,81 BRL	Camisa tecido leve, com gola, manga longa sino com detalhe em tricot. Fechamento frontal com botões.  - Com gola- Manga longa sino com detalhe em tricot- Fechamento frontal	Todas as categorias > Para Elas > Camisas | Todas as categorias > Marcas | Todas as categorias > Marcas > Alfazema		
779	Macacão 1/2 Patte Costas Lastex	Macacão longo, tecido leve, decote e alças, fechamento frontal com botões, cinto amarração do mesmo tecido com fivela de metal e bolsos laterais. 1/2 costas em lastex.  - Tecido leve, decote e alças- Cinto amarração do mesmo tecido com fivela de metal- 1/2 costas em lastex	https://www.camellia.com.br/macacao-1-2-patte-costas-lastex	https://www.camellia.com.br/media/catalog/product/m/a/macacao-1-2-patte-costas-lastex.jpg	Camellia	new	in stock	455,81 BRL	Macacão longo, tecido leve, decote e alças, fechamento frontal com botões, cinto amarração do mesmo tecido com fivela de metal e bolsos laterais. 1/2 costas em lastex.  - Tecido leve, decote e alças- Cinto amarração do mesmo tecido com fivela de metal- 1/2 costas em lastex	Todas as categorias > Para Elas | Todas as categorias > Para Elas > Macacão | Todas as categorias > Marcas | Todas as categorias > Marcas > Alfazema		
781	Macacão Pantacur S/MG	Macacão pantacourt tecido leve listrado, sem mangas, decote V, cós com elástico, cinto amarração do mesmo tecido, bolsos laterais e traseiros e fechamento nas costas com zíper invisível. Sem forro.  - Tecido leve listrado, sem mangas, decote V- Cós com elástico, cinto amarração do mesmo tecido- Fechamento nas costas com zíper invisível.	https://www.camellia.com.br/macacao-pantacur-s-mg	https://www.camellia.com.br/media/catalog/product/m/a/macacao-pantacur-s-mg.jpg	Camellia	new	in stock	453,91 BRL	Macacão pantacourt tecido leve listrado, sem mangas, decote V, cós com elástico, cinto amarração do mesmo tecido, bolsos laterais e traseiros e fechamento nas costas com zíper invisível. Sem forro.  - Tecido leve listrado, sem mangas, decote V- Cós com elástico, cinto amarração do mesmo tecido- Fechamento nas costas com zíper invisível.	Todas as categorias > Para Elas | Todas as categorias > Para Elas > Macacão | Todas as categorias > Marcas | Todas as categorias > Marcas > Alfazema		
783	Vestido S/MG com Faixa Drapeado	Vestido midi estampado floral, tecido leve, com gola, sem mangas, fechamento frontal com botões, detalhe de amarração na cintura. Sem forro.  - Estampado floral,- Com gola e sem mangas- Detalhe de amarração na cintura	https://www.camellia.com.br/vestido-s-mg-com-faixa-drapeado	https://www.camellia.com.br/media/catalog/product/v/e/vestido-s-mg-com-faixa-drapeado.jpg	Camellia	new	in stock	341,81 BRL	Vestido midi estampado floral, tecido leve, com gola, sem mangas, fechamento frontal com botões, detalhe de amarração na cintura. Sem forro.  - Estampado floral,- Com gola e sem mangas- Detalhe de amarração na cintura	Todas as categorias > Vestidos | Todas as categorias > Vestidos > Midi/Médio | Todas as categorias > Marcas | Todas as categorias > Marcas > D'Laport		
786	Vestido Patte Saia Godê Tropical	Vestido midi godê estampa poá, tecido leve e fluido, possui gola, manga curta com fechamento de botão. Cinto amarração do mesmo tecido. Fechamento botões frontal. Sem bolsos e sem forro.  - Godê estampa poá- Manga curta com fechamento de botão- Cinto amarração do mesmo tecido	https://www.camellia.com.br/vestido-patte-saia-gode-tropical	https://www.camellia.com.br/media/catalog/product/v/e/vestido-patte-saia-gode-tropical.jpg	Camellia	new	in stock	406,41 BRL	Vestido midi godê estampa poá, tecido leve e fluido, possui gola, manga curta com fechamento de botão. Cinto amarração do mesmo tecido. Fechamento botões frontal. Sem bolsos e sem forro.  - Godê estampa poá- Manga curta com fechamento de botão- Cinto amarração do mesmo tecido	Todas as categorias > Vestidos | Todas as categorias > Vestidos > Midi/Médio | Todas as categorias > Marcas | Todas as categorias > Marcas > D'Laport		
789	Blusa Lívia	Blusa em tecido leve, com detalhe estampado floral frontal, decote U, manga curta com detalhes/fenda.  - Tecido leve- Estampado floral frontal- Manga curta com detalhes/fenda	https://www.camellia.com.br/blusa-livia	https://www.camellia.com.br/media/catalog/product/b/l/blusa-livia.jpg	Camellia	new	in stock	219,78 BRL	Blusa em tecido leve, com detalhe estampado floral frontal, decote U, manga curta com detalhes/fenda.  - Tecido leve- Estampado floral frontal- Manga curta com detalhes/fenda	Todas as categorias > Para Elas | Todas as categorias > Para Elas > Blusas | Todas as categorias > Marcas | Todas as categorias > Marcas > Rodrigo Moura		
793	Blusa Marcela	Blusa em tecido leve, com listras transversais, manga curta e decote V.  - Tecido leve- Listras transversais- Manga curta e decote V	https://www.camellia.com.br/blusa-marcela	https://www.camellia.com.br/media/catalog/product/b/l/blusa-marcela.jpg	Camellia	new	in stock	219,78 BRL	Blusa em tecido leve, com listras transversais, manga curta e decote V.  - Tecido leve- Listras transversais- Manga curta e decote V	Todas as categorias > Para Elas | Todas as categorias > Para Elas > Blusas | Todas as categorias > Marcas | Todas as categorias > Marcas > Rodrigo Moura		
798	Blusa Olívia	Blusa em tecido leve, manga curta com babados do lado esquerdo e decote V.  - Tecido leve- Manga curta com babados do lado esquerdo- Decote V	https://www.camellia.com.br/blusa-olivia	https://www.camellia.com.br/media/catalog/product/b/l/blusa-olivia.jpg	Camellia	new	in stock	219,78 BRL	Blusa em tecido leve, manga curta com babados do lado esquerdo e decote V.  - Tecido leve- Manga curta com babados do lado esquerdo- Decote V	Todas as categorias > Para Elas | Todas as categorias > Para Elas > Blusas | Todas as categorias > Marcas | Todas as categorias > Marcas > Rodrigo Moura		
801	Blusa Márcia	Blusa em tecido leve, com listras block, aplicação de bordado floral com vidrilhos, decote U e manga curta.  - Tecido leve, com listras block- Aplicação de bordado floral com vidrilhos- Decote U e manga curta	https://www.camellia.com.br/blusa-marcia	https://www.camellia.com.br/media/catalog/product/b/l/blusa-marcia.jpg	Camellia	new	in stock	241,78 BRL	Blusa em tecido leve, com listras block, aplicação de bordado floral com vidrilhos, decote U e manga curta.  - Tecido leve, com listras block- Aplicação de bordado floral com vidrilhos- Decote U e manga curta	Todas as categorias > Para Elas | Todas as categorias > Para Elas > Blusas | Todas as categorias > Marcas | Todas as categorias > Marcas > Rodrigo Moura		
804	Blusa Clarice	Blusa em tecido leve, lisa, decote U, sem manga.  - Tecido leve, lisa- Decote U- Sem manga	https://www.camellia.com.br/blusa-clarice	https://www.camellia.com.br/media/catalog/product/b/l/blusa-clarice-a.jpg	Camellia	new	in stock	175,78 BRL	Blusa em tecido leve, lisa, decote U, sem manga.  - Tecido leve, lisa- Decote U- Sem manga	Todas as categorias > Para Elas | Todas as categorias > Para Elas > Blusas | Todas as categorias > Marcas | Todas as categorias > Marcas > Rodrigo Moura		
808	Blusa Clarice Azul Marinho	Blusa em tecido leve, lisa, decote U, sem manga.  - Tecido leve, lisa- Decote U- Sem manga	https://www.camellia.com.br/blusa-clarice-azul-marinho	https://www.camellia.com.br/media/catalog/product/b/l/blusa-clarice_1.jpg	Camellia	new	in stock	175,78 BRL	Blusa em tecido leve, lisa, decote U, sem manga.  - Tecido leve, lisa- Decote U- Sem manga	Todas as categorias > Para Elas | Todas as categorias > Para Elas > Blusas | Todas as categorias > Marcas | Todas as categorias > Marcas > Rodrigo Moura		
812	Blusa Daniele	Blusa recortada colorida em tecido leve, com decote U e viés branco, sem manga.  - Colorida em tecido leve- Decote U e viés branco- Sem manga	https://www.camellia.com.br/blusa-daniele	https://www.camellia.com.br/media/catalog/product/b/l/blusa-daniele.jpg	Camellia	new	in stock	219,78 BRL	Blusa recortada colorida em tecido leve, com decote U e viés branco, sem manga.  - Colorida em tecido leve- Decote U e viés branco- Sem manga	Todas as categorias > Para Elas | Todas as categorias > Para Elas > Blusas | Todas as categorias > Marcas | Todas as categorias > Marcas > Rodrigo Moura		
817	Calça Áustria	Calça jogging corte reto, solta ao corpo, cintura mais alta e cós com elástico embutido e cordão, bolsos laterais.  - Calça jogging corte reto- Cintura mais alta e cós com elástico embutido- Bolsos laterais.	https://www.camellia.com.br/calca-austria	https://www.camellia.com.br/media/catalog/product/c/a/calca-austria_3.jpg	Camellia	new	in stock	335,79 BRL	Calça jogging corte reto, solta ao corpo, cintura mais alta e cós com elástico embutido e cordão, bolsos laterais.  - Calça jogging corte reto- Cintura mais alta e cós com elástico embutido- Bolsos laterais.	Todas as categorias > Calças | Todas as categorias > Marcas | Todas as categorias > Marcas > Rodrigo Moura | Todas as categorias > Calças > Jogging		
824	Calça Silvana	Calça wide alfaiataria com fenda frontal, tecido leve, cintura alta, zíper invisível lateral, sem bolsos.  - Alfaiataria com fenda frontal- Cintura alta- Zíper invisível lateral	https://www.camellia.com.br/calca-silvana	https://www.camellia.com.br/media/catalog/product/c/a/calca-silvana.jpg	Camellia	new	in stock	314,79 BRL	Calça wide alfaiataria com fenda frontal, tecido leve, cintura alta, zíper invisível lateral, sem bolsos.  - Alfaiataria com fenda frontal- Cintura alta- Zíper invisível lateral	Todas as categorias > Calças | Todas as categorias > Marcas | Todas as categorias > Marcas > Rodrigo Moura | Todas as categorias > Calças > Alfaiataria		
829	Calça Dora	Calça em tecido encorpado, corte reto, pequena fenda lateral na barra, zíper invisível lateral, sem bolsos e sem forro.  - Tecido encorpado, corte reto- Pequena fenda lateral na barra- Zíper invisível lateral	https://www.camellia.com.br/calca-dora	https://www.camellia.com.br/media/catalog/product/c/a/calca-dora.jpg	Camellia	new	in stock	335,79 BRL	Calça em tecido encorpado, corte reto, pequena fenda lateral na barra, zíper invisível lateral, sem bolsos e sem forro.  - Tecido encorpado, corte reto- Pequena fenda lateral na barra- Zíper invisível lateral	Todas as categorias > Calças | Todas as categorias > Marcas | Todas as categorias > Marcas > Rodrigo Moura | Todas as categorias > Calças > Alfaiataria		
834	Calça Marina	Calça pantacourt alfaiataria, barra com recorte bicolor, bolsos laterais, fechamento com zíper e botão frontal. Sem forro.  - Pantacourt alfaiataria- Barra com recorte bicolor- Fechamento com zíper e botão frontal	https://www.camellia.com.br/calca-marina	https://www.camellia.com.br/media/catalog/product/c/a/calca-marina.jpg	Camellia	new	in stock	335,79 BRL	Calça pantacourt alfaiataria, barra com recorte bicolor, bolsos laterais, fechamento com zíper e botão frontal. Sem forro.  - Pantacourt alfaiataria- Barra com recorte bicolor- Fechamento com zíper e botão frontal	Todas as categorias > Calças | Todas as categorias > Marcas | Todas as categorias > Marcas > Rodrigo Moura | Todas as categorias > Calças > Pantacourt		
838	Calça Dayane	Calça jogging corte reto, cintura mais alta, cós com elástico embutido e ajuste com cordão, bolsos laterais. Possui forro.  - Jogging corte reto- Cintura mais alta- Cós com elástico embutido e ajuste com cordão	https://www.camellia.com.br/calca-dayane	https://www.camellia.com.br/media/catalog/product/c/a/calca-dayane.jpg	Camellia	new	in stock	335,79 BRL	Calça jogging corte reto, cintura mais alta, cós com elástico embutido e ajuste com cordão, bolsos laterais. Possui forro.  - Jogging corte reto- Cintura mais alta- Cós com elástico embutido e ajuste com cordão	Todas as categorias > Calças | Todas as categorias > Marcas | Todas as categorias > Marcas > Rodrigo Moura		
842	Colete Marina	Maxi colete alfaiataria, barra com recorte bicolor, possui gola e não tem botões de fechamento. Possui forro.  - Maxi colete alfaiataria- Barra com recorte bicolor- Possui gola e não tem botões de fechamento	https://www.camellia.com.br/colete-marina	https://www.camellia.com.br/media/catalog/product/c/o/colete-marina.jpg	Camellia	new	in stock	285,78 BRL	Maxi colete alfaiataria, barra com recorte bicolor, possui gola e não tem botões de fechamento. Possui forro.  - Maxi colete alfaiataria- Barra com recorte bicolor- Possui gola e não tem botões de fechamento	Todas as categorias > Para Elas | Todas as categorias > Para Elas > Coletes e Kimonos | Todas as categorias > Marcas | Todas as categorias > Marcas > Rodrigo Moura		
846	Short Marina	Short alfaiataria, com barra dobrada, fechamento com zíper e botão, bolsos laterais. Não possui forro.  - Short alfaiataria- Fechamento com zíper e botão- Bolsos laterais	https://www.camellia.com.br/short-marina	https://www.camellia.com.br/media/catalog/product/s/h/short-marina.jpg	Camellia	new	in stock	279,80 BRL	Short alfaiataria, com barra dobrada, fechamento com zíper e botão, bolsos laterais. Não possui forro.  - Short alfaiataria- Fechamento com zíper e botão- Bolsos laterais	Todas as categorias > Para Elas | Todas as categorias > Marcas | Todas as categorias > Marcas > Rodrigo Moura | Todas as categorias > Para Elas > Shorts		
853	Vestido Márcia	Vestido midi alfaiataria, decote V, manga curta, barra floral, sem bolso, fechamento costas com zíper invisível. Possui forro.  - Midi alfaiataria- Decote V, manga curta, barra floral- Fechamento costas com zíper invisível	https://www.camellia.com.br/vestido-marcia	https://www.camellia.com.br/media/catalog/product/v/e/vestido-marcia.jpg	Camellia	new	in stock	479,76 BRL	Vestido midi alfaiataria, decote V, manga curta, barra floral, sem bolso, fechamento costas com zíper invisível. Possui forro.  - Midi alfaiataria- Decote V, manga curta, barra floral- Fechamento costas com zíper invisível	Todas as categorias > Vestidos | Todas as categorias > Vestidos > Midi/Médio | Todas as categorias > Marcas | Todas as categorias > Marcas > Rodrigo Moura		
860	Vestido Márcia Floral	Vestido midi floral alfaiataria, decote V com zíper e viés amarelo, manga curta, bolso faca frontal. Possui forro.  - Midi floral alfaiataria- Decote V, com zíper e viés amarelo- Manga curta, bolso faca frontal	https://www.camellia.com.br/vestido-marcia-floral	https://www.camellia.com.br/media/catalog/product/v/e/vestido-marcia-floral.jpg	Camellia	new	in stock	455,76 BRL	Vestido midi floral alfaiataria, decote V com zíper e viés amarelo, manga curta, bolso faca frontal. Possui forro.  - Midi floral alfaiataria- Decote V, com zíper e viés amarelo- Manga curta, bolso faca frontal	Todas as categorias > Vestidos | Todas as categorias > Vestidos > Midi/Médio | Todas as categorias > Marcas | Todas as categorias > Marcas > Rodrigo Moura		
862	Vestido Letícia	Vestido midi estampado, decote V, transpassado. Possui cinto amarração do mesmo tecido. Mangas alongadas estilo sino com leve transparência. Possui forro.  - Midi estampado, decote V,- Cinto amarração do mesmo tecido- Mangas alongadas estilo sino	https://www.camellia.com.br/vestido-leticia	https://www.camellia.com.br/media/catalog/product/v/e/vestido-leticia.jpg	Camellia	new	in stock	479,76 BRL	Vestido midi estampado, decote V, transpassado. Possui cinto amarração do mesmo tecido. Mangas alongadas estilo sino com leve transparência. Possui forro.  - Midi estampado, decote V,- Cinto amarração do mesmo tecido- Mangas alongadas estilo sino	Todas as categorias > Vestidos | Todas as categorias > Vestidos > Midi/Médio | Todas as categorias > Marcas | Todas as categorias > Marcas > Rodrigo Moura		
865	Vestido Marcela	Vestido midi bicolor, manga curta com babado no lado esquerdo, decote V, fechamento costas com zíper invisível. Possui forro.  - Midi bicolor, decote V,- Manga curta com babado no lado esquerdo- Fechamento costas com zíper invisível	https://www.camellia.com.br/vestido-marcela	https://www.camellia.com.br/media/catalog/product/v/e/vestido-marcela.jpg	Camellia	new	in stock	503,76 BRL	Vestido midi bicolor, manga curta com babado no lado esquerdo, decote V, fechamento costas com zíper invisível. Possui forro.  - Midi bicolor, decote V,- Manga curta com babado no lado esquerdo- Fechamento costas com zíper invisível	Todas as categorias > Vestidos | Todas as categorias > Vestidos > Midi/Médio | Todas as categorias > Marcas | Todas as categorias > Marcas > Rodrigo Moura		
868	Vestido Penélope	Vestido midi alfaiataria, recortado, decote V, manga curta, fechamento costas com zíper invisível. Possui forro.  - Midi alfaiataria- Decote V, manga curta- Fechamento costas com zíper invisível	https://www.camellia.com.br/vestido-penelope	https://www.camellia.com.br/media/catalog/product/v/e/vestido-penelope.jpg	Camellia	new	in stock	479,76 BRL	Vestido midi alfaiataria, recortado, decote V, manga curta, fechamento costas com zíper invisível. Possui forro.  - Midi alfaiataria- Decote V, manga curta- Fechamento costas com zíper invisível	Todas as categorias > Vestidos | Todas as categorias > Vestidos > Midi/Médio | Todas as categorias > Marcas | Todas as categorias > Marcas > Rodrigo Moura		
874	Vestido Júlia	Vestido midi alfaiataria com estampa, decote U, manga curta, fechamento costas com zíper invisível. Possui forro.  - Midi alfaiataria com estampa- Decote U, manga curta- Fechamento costas com zíper invisível	https://www.camellia.com.br/vestido-julia	https://www.camellia.com.br/media/catalog/product/v/e/vestido-julia.jpg	Camellia	new	in stock	455,76 BRL	Vestido midi alfaiataria com estampa, decote U, manga curta, fechamento costas com zíper invisível. Possui forro.  - Midi alfaiataria com estampa- Decote U, manga curta- Fechamento costas com zíper invisível	Todas as categorias > Vestidos | Todas as categorias > Vestidos > Midi/Médio | Todas as categorias > Marcas | Todas as categorias > Marcas > Rodrigo Moura		
879	Vestido Mara	Vestido midi alfaiataria, barra listrada bicolor, decote U, manga curta com detalhe em branco, fechamento costas com zíper invisível. Possui forro.  - Barra listrada bicolor- Manga curta com detalhe em branco- Fechamento costas com zíper invisível.	https://www.camellia.com.br/vestido-mara	https://www.camellia.com.br/media/catalog/product/v/e/vestido-mara.jpg	Camellia	new	in stock	479,76 BRL	Vestido midi alfaiataria, barra listrada bicolor, decote U, manga curta com detalhe em branco, fechamento costas com zíper invisível. Possui forro.  - Barra listrada bicolor- Manga curta com detalhe em branco- Fechamento costas com zíper invisível.	Todas as categorias > Vestidos | Todas as categorias > Vestidos > Midi/Médio | Todas as categorias > Marcas | Todas as categorias > Marcas > Rodrigo Moura		
883	Vestido Dayane	Vestido midi alfaiataria, decote V, manga curta, fechamento costas com zíper invisível. Possui forro.  - Midi alfaiataria- Decote V, manga curta- Fechamento costas com zíper invisível.	https://www.camellia.com.br/vestido-dayane	https://www.camellia.com.br/media/catalog/product/v/e/vestido-dayane.jpg	Camellia	new	in stock	455,76 BRL	Vestido midi alfaiataria, decote V, manga curta, fechamento costas com zíper invisível. Possui forro.  - Midi alfaiataria- Decote V, manga curta- Fechamento costas com zíper invisível.	Todas as categorias > Vestidos | Todas as categorias > Vestidos > Midi/Médio | Todas as categorias > Marcas | Todas as categorias > Marcas > Rodrigo Moura		
888	Vestido Kely	Vestido midi, recorte listras frontais, decote V, manga 3/4 com recorte lateral. Possui forro.  - ,Recorte listras frontais- Decote V - Manga 3/4 com recorte lateral	https://www.camellia.com.br/vestido-kely	https://www.camellia.com.br/media/catalog/product/v/e/vestido-kely.jpg	Camellia	new	in stock	407,76 BRL	Vestido midi, recorte listras frontais, decote V, manga 3/4 com recorte lateral. Possui forro.  - ,Recorte listras frontais- Decote V - Manga 3/4 com recorte lateral	Todas as categorias > Vestidos | Todas as categorias > Vestidos > Midi/Médio | Todas as categorias > Marcas | Todas as categorias > Marcas > Rodrigo Moura		
895	Calça flare	Calça flare, bolso fake frontal, bolso traseiro e cós com elástico.  - Bolso fake frontal- Bolso traseiro- Cós com elástico	https://www.camellia.com.br/calca-flare	https://www.camellia.com.br/media/catalog/product/c/a/calca-flare.jpg	Camellia	new	in stock	298,77 BRL	Calça flare, bolso fake frontal, bolso traseiro e cós com elástico.  - Bolso fake frontal- Bolso traseiro- Cós com elástico	Todas as categorias > Calças | Todas as categorias > Calças > Flare | Todas as categorias > Marcas | Todas as categorias > Marcas > Ofsina		
899	Calça Jeans 1669 - Crystal	Calça Jeans pantacourt, barra recortada em tom mais claro, possui bolsos e fechamento por zíper e botão.  - Jeans pantacourt- Barra recortada em tom mais claro- Possui bolsos e fechamento por zíper e botão	https://www.camellia.com.br/calca-jeans-1669-crystal	https://www.camellia.com.br/media/catalog/product/c/a/calca-jeans-1669-crystal.jpg	Camellia	new	in stock	299,75 BRL	Calça Jeans pantacourt, barra recortada em tom mais claro, possui bolsos e fechamento por zíper e botão.  - Jeans pantacourt- Barra recortada em tom mais claro- Possui bolsos e fechamento por zíper e botão	Todas as categorias > Calças | Todas as categorias > Calças > Jeans | Todas as categorias > Marcas | Todas as categorias > Marcas > Ofsina | Todas as categorias > Calças > Pantacourt		
903	Blusa Luciana Verão 2020	Blusa em malha com detalhe transpassado, decote V, manga curta.  - Malha com detalhe transpassado- Decote V- Manga curta	https://www.camellia.com.br/blusa-luciana-verao-2020	https://www.camellia.com.br/media/catalog/product/b/l/blusa-luciana-verao-2020.jpg	Camellia	new	in stock	183,77 BRL	Blusa em malha com detalhe transpassado, decote V, manga curta.  - Malha com detalhe transpassado- Decote V- Manga curta	Todas as categorias > Para Elas | Todas as categorias > Para Elas > Blusas | Todas as categorias > Marcas | Todas as categorias > Marcas > Ofsina		
907	Saia Carla Verão 2020	Saia midi listrada transpasse com cinto faixa para ajuste, barra com babado. Possui forro.  - Saia midi listrada- Cinto faixa para ajuste- Barra com babado	https://www.camellia.com.br/saia-carla-verao-2020	https://www.camellia.com.br/media/catalog/product/s/a/saia-carla-verao-2020.jpg	Camellia	new	in stock	298,77 BRL	Saia midi listrada transpasse com cinto faixa para ajuste, barra com babado. Possui forro.  - Saia midi listrada- Cinto faixa para ajuste- Barra com babado	Todas as categorias > Para Elas | Todas as categorias > Marcas | Todas as categorias > Marcas > Ofsina | Todas as categorias > Para Elas > Saias		
910	Calça Melissa Verão 2020	Calça flare com presponto branco, cós em elástico, bolsos traseiros.  - Flare com presponto branco- Cós em elástico- Bolsos traseiros	https://www.camellia.com.br/calca-melissa-verao-2020	https://www.camellia.com.br/media/catalog/product/c/a/calca-melissa-verao-2020-3.jpg	Camellia	new	in stock	299,76 BRL	Calça flare com presponto branco, cós em elástico, bolsos traseiros.  - Flare com presponto branco- Cós em elástico- Bolsos traseiros	Todas as categorias > Calças | Todas as categorias > Calças > Flare | Todas as categorias > Marcas | Todas as categorias > Marcas > Ofsina		
914	Blazer Megan Verão 2020	Blazer com recorte presponto branco, acinturado, possui gola e fechamento por botões. Bolso fake frontal.  - Recorte com presponto branco- Possui gola e fechamento por botões- Bolso fake frontal.	https://www.camellia.com.br/blazer-megan-verao-2020	https://www.camellia.com.br/media/catalog/product/b/l/blazer-megan-verao-2020.jpg	Camellia	new	in stock	287,76 BRL	Blazer com recorte presponto branco, acinturado, possui gola e fechamento por botões. Bolso fake frontal.  - Recorte com presponto branco- Possui gola e fechamento por botões- Bolso fake frontal.	Todas as categorias > Para Elas | Todas as categorias > Para Elas > Blazers | Todas as categorias > Marcas | Todas as categorias > Marcas > Ofsina		
918	Vestido Isabella Verão 2020	Vestido midi em viscose com manga 3/4 japa recortada, decote V. Não possui forro.  - Midi em viscose - Manga 3/4 japa recortada- Decote V.	https://www.camellia.com.br/vestido-isabella-verao-2020	https://www.camellia.com.br/media/catalog/product/v/e/vestido-isabella-verao-2020.jpg	Camellia	new	in stock	356,27 BRL	Vestido midi em viscose com manga 3/4 japa recortada, decote V. Não possui forro.  - Midi em viscose - Manga 3/4 japa recortada- Decote V.	Todas as categorias > Vestidos | Todas as categorias > Vestidos > Midi/Médio | Todas as categorias > Marcas | Todas as categorias > Marcas > Ofsina		
922	Camisa Bia Verão 2020	Camisa tecido leve, com gola, manga longa sino transparente. Detalhe em renda nas costas, frente e mangas. Fechamento frontal com botões.  - Tecido leve, com gola, manga longa sino transparente.- Detalhe em renda nas costas, frente e mangas.- Fechamento frontal com botões.	https://www.camellia.com.br/camisa-bia-verao-2020	https://www.camellia.com.br/media/catalog/product/c/a/camisa-bia-verao-2020.jpg	Camellia	new	in stock	298,77 BRL	Camisa tecido leve, com gola, manga longa sino transparente. Detalhe em renda nas costas, frente e mangas. Fechamento frontal com botões.  - Tecido leve, com gola, manga longa sino transparente.- Detalhe em renda nas costas, frente e mangas.- Fechamento frontal com botões.	Todas as categorias > Para Elas > Camisas | Todas as categorias > Para Elas | Todas as categorias > Para Elas > Camisas > Camisetas/T-shirts | Todas as categorias > Marcas | Todas as categorias > Marcas > Ofsina		
924	Blusa Poliana Verão 2020	Blusa manga longa com fenda e babados, gola e decote V com tiras.  - Manga longa com fenda e babados- Gola e decote V com tiras	https://www.camellia.com.br/blusa-poliana-verao-2020	https://www.camellia.com.br/media/catalog/product/b/l/blusa-poliana-verao-2020.jpg	Camellia	new	in stock	252,78 BRL	Blusa manga longa com fenda e babados, gola e decote V com tiras.  - Manga longa com fenda e babados- Gola e decote V com tiras	Todas as categorias > Para Elas | Todas as categorias > Para Elas > Blusas | Todas as categorias > Marcas | Todas as categorias > Marcas > Ofsina		
928	Vestido Polly Verão 2020	Vestido curto com recorte, decote ombro a ombro, manga curta e pequena fenda lateral. Não possui forro.  - Curto com recorte- Decote ombro a ombro- Manga curta e pequena fenda lateral	https://www.camellia.com.br/vestido-polly-verao-2020	https://www.camellia.com.br/media/catalog/product/v/e/vestido-polly-verao-2020.jpg	Camellia	new	in stock	287,25 BRL	Vestido curto com recorte, decote ombro a ombro, manga curta e pequena fenda lateral. Não possui forro.  - Curto com recorte- Decote ombro a ombro- Manga curta e pequena fenda lateral	Todas as categorias > Vestidos | Todas as categorias > Vestidos > Curtos | Todas as categorias > Marcas | Todas as categorias > Marcas > Ofsina		
931	Calça Cecília Verão 2020	Calça pantacourt com barra dobrada, bolso fake lateral e botões, fechamento por zíper e botão.  - Pantacourt com barra dobrada- Bolso fake lateral e botões- Fechamento por zíper e botão	https://www.camellia.com.br/calca-cecilia-verao-2020	https://www.camellia.com.br/media/catalog/product/c/a/calca-cecilia-verao-2020.jpg	Camellia	new	in stock	321,77 BRL	Calça pantacourt com barra dobrada, bolso fake lateral e botões, fechamento por zíper e botão.  - Pantacourt com barra dobrada- Bolso fake lateral e botões- Fechamento por zíper e botão	Todas as categorias > Calças | Todas as categorias > Marcas | Todas as categorias > Marcas > Ofsina | Todas as categorias > Calças > Pantacourt		
933	Body Nicoly Verão 2020	Body transpasse, decote V, sem mangas com fechamento entrepernas.  - Body transpasse- Decote V- Sem mangas com fechamento entrepernas	https://www.camellia.com.br/body-nicoly-ver-o-2020	https://www.camellia.com.br/media/catalog/product/b/d/bd-6669-ver-o-2020-nicoly-47.jpg	Camellia	new	in stock	229,77 BRL	Body transpasse, decote V, sem mangas com fechamento entrepernas.  - Body transpasse- Decote V- Sem mangas com fechamento entrepernas	Todas as categorias > Para Elas | Todas as categorias > Para Elas > Body | Todas as categorias > Marcas | Todas as categorias > Marcas > Ofsina		
937	Camisa Ayla Verão 2020	Blusa listrada com amarração frontal, gola com detalhe em vermelho e fechamento frontal com botões. Manga curta com botão.  - Listrada com amarração frontal- Gola com detalhe em vermelho e fechamento frontal com botões- Manga curta com botão	https://www.camellia.com.br/camisa-ayla-verao-2020	https://www.camellia.com.br/media/catalog/product/c/a/camisa-ayla-verao-2020.jpg	Camellia	new	in stock	229,77 BRL	Blusa listrada com amarração frontal, gola com detalhe em vermelho e fechamento frontal com botões. Manga curta com botão.  - Listrada com amarração frontal- Gola com detalhe em vermelho e fechamento frontal com botões- Manga curta com botão	Todas as categorias > Para Elas > Camisas | Todas as categorias > Para Elas | Todas as categorias > Para Elas > Camisas > Camisetas/T-shirts | Todas as categorias > Marcas | Todas as categorias > Marcas > Ofsina		
941	Conjunto Stefani Verão 2020	Conjunto de calça pantacourt com fenda lateral, cós em elástico e bolsos laterais. Calça com forro. Camiseta com alça fina, fechamento frontal com mini botões.  - Calça pantacourt com fenda lateral- Cós em elástico e bolsos laterais.- Camiseta com alça fina	https://www.camellia.com.br/conjunto-stefani-verao-2020	https://www.camellia.com.br/media/catalog/product/c/o/conjunto-stefani-verao-2020.jpg	Camellia	new	in stock	383,76 BRL	Conjunto de calça pantacourt com fenda lateral, cós em elástico e bolsos laterais. Calça com forro. Camiseta com alça fina, fechamento frontal com mini botões.  - Calça pantacourt com fenda lateral- Cós em elástico e bolsos laterais.- Camiseta com alça fina	Todas as categorias > Para Elas | Todas as categorias > Marcas | Todas as categorias > Marcas > Ofsina | Todas as categorias > Para Elas > Conjuntos		
945	Camisa Tifany Verão 2020	Camisa listrada manga curta dobrada com fenda e botão. Decote com abertura lateral por botões. Detalhe na manga e decote em vermelho. - Camisa listrada manga curta dobrada com fenda e botão - Decote com abertura lateral por botões - Detalhe na manga e decote em vermelho	https://www.camellia.com.br/camisa-tifany-verao-2020	https://www.camellia.com.br/media/catalog/product/c/a/camisa-tifany-verao-2020.jpg	Camellia	new	in stock	229,77 BRL	Camisa listrada manga curta dobrada com fenda e botão. Decote com abertura lateral por botões. Detalhe na manga e decote em vermelho. - Camisa listrada manga curta dobrada com fenda e botão - Decote com abertura lateral por botões - Detalhe na manga e decote em vermelho	Todas as categorias > Para Elas > Camisas | Todas as categorias > Para Elas | Todas as categorias > Para Elas > Camisas > Camisetas/T-shirts | Todas as categorias > Marcas | Todas as categorias > Marcas > Ofsina		
949	Conjunto Micaela Verão 2020	Calça jogging com viés branco nas laterais e cós com elástico. Possui forro. Blusa sem manga com detalhe em tule nos ombros e decote U. - Jogging com viés branco nas laterais e cós com elástico - Blusa sem manga com detalhe em tule nos ombros. - Decote U	https://www.camellia.com.br/conjunto-micaela-verao-2020	https://www.camellia.com.br/media/catalog/product/c/o/conjunto-micaela-verao-2020.jpg	Camellia	new	in stock	350,74 BRL	Calça jogging com viés branco nas laterais e cós com elástico. Possui forro. Blusa sem manga com detalhe em tule nos ombros e decote U. - Jogging com viés branco nas laterais e cós com elástico - Blusa sem manga com detalhe em tule nos ombros. - Decote U	Todas as categorias > Para Elas | Todas as categorias > Marcas | Todas as categorias > Marcas > Ofsina | Todas as categorias > Para Elas > Conjuntos		
952	Blusa Laura Verão 2020	Blusa bicolor manga longa com elástico nos punhos, decote ombro a ombro e alça, com amarração frontal.  - Blusa bicolor manga longa com elástico nos punhos- Decote ombro a ombro e alça- Amarração frontal	https://www.camellia.com.br/blusa-laura-verao-2020	https://www.camellia.com.br/media/catalog/product/b/l/blusa-laura-verao-2020.jpg	Camellia	new	in stock	252,78 BRL	Blusa bicolor manga longa com elástico nos punhos, decote ombro a ombro e alça, com amarração frontal.  - Blusa bicolor manga longa com elástico nos punhos- Decote ombro a ombro e alça- Amarração frontal	Todas as categorias > Para Elas | Todas as categorias > Para Elas > Blusas | Todas as categorias > Marcas | Todas as categorias > Marcas > Ofsina		
956	Vestido Luna Verão 2020	Vestido longo em tecido com transparência, com forro preto. Decote V, manga curta drapeada com detalhe amarração.  - Longo em tecido com transparência, com forro preto- Decote V- Manga curta drapeada com detalhe amarração.	https://www.camellia.com.br/vestido-luna-verao-2020	https://www.camellia.com.br/media/catalog/product/v/e/vestido-luna-verao-2020.jpg	Camellia	new	in stock	367,77 BRL	Vestido longo em tecido com transparência, com forro preto. Decote V, manga curta drapeada com detalhe amarração.  - Longo em tecido com transparência, com forro preto- Decote V- Manga curta drapeada com detalhe amarração.	Todas as categorias > Vestidos | Todas as categorias > Vestidos > Longos | Todas as categorias > Marcas | Todas as categorias > Marcas > Ofsina		
959	Calça Lilian Verão 2020	Calça corte reto com botões na lateral da barra. Bolsos frontais com botões e cós com elástico.  - Calça corte reto com botões na lateral da barra- Bolsos frontais com botões- Cós com elástico	https://www.camellia.com.br/calca-lilian-verao-2020	https://www.camellia.com.br/media/catalog/product/c/a/calca-lilian-verao-2020.jpg	Camellia	new	in stock	298,77 BRL	Calça corte reto com botões na lateral da barra. Bolsos frontais com botões e cós com elástico.  - Calça corte reto com botões na lateral da barra- Bolsos frontais com botões- Cós com elástico	Todas as categorias > Calças | Todas as categorias > Calças > Reta | Todas as categorias > Marcas | Todas as categorias > Marcas > Ofsina		
963	Vestido Tassia Verão 2020	Vestido curto geométrico com pequena fenda lateral. Decote em V. Detalhe de sobreposição nas costas e ombros com tecido transparente mesma estampa.  - Vestido curto geométrico com pequena fenda lateral- Detalhe de sobreposição nas costas e ombros com tecido transparente- Decote em V.	https://www.camellia.com.br/vestido-tassia-verao-2020	https://www.camellia.com.br/media/catalog/product/v/e/vestido-tassia-verao-2020.jpg	Camellia	new	in stock	321,77 BRL	Vestido curto geométrico com pequena fenda lateral. Decote em V. Detalhe de sobreposição nas costas e ombros com tecido transparente mesma estampa.  - Vestido curto geométrico com pequena fenda lateral- Detalhe de sobreposição nas costas e ombros com tecido transparente- Decote em V.	Todas as categorias > Vestidos | Todas as categorias > Vestidos > Curtos | Todas as categorias > Marcas | Todas as categorias > Marcas > Ofsina		
967	Camisa Agnes Verão 2020	Camisa longa bicolor com cinto amarração. Gola e fechamento frontal com botões. Manga 3/4 com amarração.  - Camisa longa bicolor com cinto amarração- Gola e fechamento frontal com botões- Manga 3/4 com amarração	https://www.camellia.com.br/camisa-agnes-verao-2020	https://www.camellia.com.br/media/catalog/product/c/a/camisa-agnes-verao-2020.jpg	Camellia	new	in stock	298,77 BRL	Camisa longa bicolor com cinto amarração. Gola e fechamento frontal com botões. Manga 3/4 com amarração.  - Camisa longa bicolor com cinto amarração- Gola e fechamento frontal com botões- Manga 3/4 com amarração	Todas as categorias > Para Elas > Camisas | Todas as categorias > Para Elas | Todas as categorias > Para Elas > Camisas > Camisetas/T-shirts | Todas as categorias > Marcas | Todas as categorias > Marcas > Ofsina		
971	Vestido Verônica Verão 2020	Vestido curto transpasse plissado. Decote V. Lado esquerdo sem manga, lado direito com manga evasê. Fechamento costas com zíper invisível. Possui forro.  - Vestido curto transpasse plissado- Lado esquerdo sem manga, lado direito com manga evasê- Fechamento costas com zíper invisível.	https://www.camellia.com.br/vestido-veronica-verao-2020	https://www.camellia.com.br/media/catalog/product/v/e/vestido-veronica-verao-2020.jpg	Camellia	new	in stock	311,76 BRL	Vestido curto transpasse plissado. Decote V. Lado esquerdo sem manga, lado direito com manga evasê. Fechamento costas com zíper invisível. Possui forro.  - Vestido curto transpasse plissado- Lado esquerdo sem manga, lado direito com manga evasê- Fechamento costas com zíper invisível.	Todas as categorias > Vestidos | Todas as categorias > Vestidos > Curtos | Todas as categorias > Marcas | Todas as categorias > Marcas > Ofsina		
974	Macacão Damares Verão 2020	Macacão longo tay day transpasse e amarração, com fenda lateral. Alça fina com ajuste.  - Macacão longo tay day transpasse e amarração- Fenda lateral- Alça fina com ajuste	https://www.camellia.com.br/macacao-damares-verao-2020	https://www.camellia.com.br/media/catalog/product/m/a/macacao-damares-verao-2020.jpg	Camellia	new	in stock	431,77 BRL	Macacão longo tay day transpasse e amarração, com fenda lateral. Alça fina com ajuste.  - Macacão longo tay day transpasse e amarração- Fenda lateral- Alça fina com ajuste	Todas as categorias > Para Elas | Todas as categorias > Para Elas > Macacão | Todas as categorias > Marcas | Todas as categorias > Marcas > Ofsina		
977	Calça Ana Bela Verão 2020	Calça Jeans pantacourt destroyed, possui bolsos e fechamento por zíper e botão. - Calça Jeans pantacourt destroyed - Possui bolsos - Fechamento por zíper e botão	https://www.camellia.com.br/calca-ana-bela-verao-2020	https://www.camellia.com.br/media/catalog/product/c/a/calca-ana-bela-verao-2020.jpg	Camellia	new	in stock	299,75 BRL	Calça Jeans pantacourt destroyed, possui bolsos e fechamento por zíper e botão. - Calça Jeans pantacourt destroyed - Possui bolsos - Fechamento por zíper e botão	Todas as categorias > Calças | Todas as categorias > Calças > Jeans | Todas as categorias > Marcas | Todas as categorias > Marcas > Ofsina | Todas as categorias > Calças > Pantacourt		
980	Short Angelina Verão 2020	Short jeans destroyed, possui bolsos e fechamento por zíper e botão.  - Short jeans destroyed- Possui bolsos- Fechamento por zíper e botão	https://www.camellia.com.br/short-angelina-verao-2020	https://www.camellia.com.br/media/catalog/product/s/h/short-angelina-verao-2020-3.jpg	Camellia	new	in stock	229,77 BRL	Short jeans destroyed, possui bolsos e fechamento por zíper e botão.  - Short jeans destroyed- Possui bolsos- Fechamento por zíper e botão	Todas as categorias > Para Elas | Todas as categorias > Marcas | Todas as categorias > Marcas > Ofsina | Todas as categorias > Para Elas > Shorts		
984	Blusa Lorraine Verão 2020	Blusa bicolor transpasse com manga curta e decote U. - Blusa bicolor transpasse- Manga curta- Decote U	https://www.camellia.com.br/blusa-lorraine-verao-2020	https://www.camellia.com.br/media/catalog/product/b/l/blusa-lorraine-verao-2020.jpg	Camellia	new	in stock	197,78 BRL	Blusa bicolor transpasse com manga curta e decote U. - Blusa bicolor transpasse- Manga curta- Decote U	Todas as categorias > Para Elas | Todas as categorias > Para Elas > Blusas | Todas as categorias > Marcas | Todas as categorias > Marcas > Ofsina		
986	Calça Áustria Preta	Calça jogging corte reto, solta ao corpo, cintura mais alta e cós com elástico embutido e cordão, bolsos laterais.  - Calça jogging corte reto- Cintura mais alta e cós com elástico embutido- Bolsos laterais.	https://www.camellia.com.br/calca-austria-preta	https://www.camellia.com.br/media/catalog/product/c/a/calca-austria_2.jpg	Camellia	new	in stock	335,79 BRL	Calça jogging corte reto, solta ao corpo, cintura mais alta e cós com elástico embutido e cordão, bolsos laterais.  - Calça jogging corte reto- Cintura mais alta e cós com elástico embutido- Bolsos laterais.	Todas as categorias > Calças | Todas as categorias > Marcas | Todas as categorias > Marcas > Rodrigo Moura | Todas as categorias > Calças > Jogging		
